time,pos_x,pos_y,pos_z,vel_x,vel_y,vel_z,contact_count,contact_force_x,contact_force_y,contact_force_z,contact_torque_x,contact_torque_y,contact_torque_z
0.00050000,0.00000000,2.99999755,0.00000000,0.00000000,-0.00490500,0.00000000,0,0.00000000,0.00000000,0.00000000,0.00000000,0.00000000,0.00000000
0.01000000,0.00000000,2.99948498,0.00000000,0.00000000,-0.09810000,0.00000000,0,0.00000000,0.00000000,0.00000000,0.00000000,0.00000000,0.00000000
0.02000000,0.00000000,2.99798895,0.00000000,0.00000000,-0.19620000,0.00000000,0,0.00000000,0.00000000,0.00000000,0.00000000,0.00000000,0.00000000
0.03000000,0.00000000,2.99551192,0.00000000,0.00000000,-0.29430000,0.00000000,0,0.00000000,0.00000000,0.00000000,0.00000000,0.00000000,0.00000000
0.04000000,0.00000000,2.99205390,0.00000000,0.00000000,-0.39240000,0.00000000,0,0.00000000,0.00000000,0.00000000,0.00000000,0.00000000,0.00000000
0.05000000,0.00000000,2.98761488,0.00000000,0.00000000,-0.49050000,0.00000000,0,0.00000000,0.00000000,0.00000000,0.00000000,0.00000000,0.00000000
0.06000000,0.00000000,2.98219485,0.00000000,0.00000000,-0.58860000,0.00000000,0,0.00000000,0.00000000,0.00000000,0.00000000,0.00000000,0.00000000
0.07000000,0.00000000,2.97579382,0.00000000,0.00000000,-0.68670000,0.00000000,0,0.00000000,0.00000000,0.00000000,0.00000000,0.00000000,0.00000000
0.08000000,0.00000000,2.96841180,0.00000000,0.00000000,-0.78480000,0.00000000,0,0.00000000,0.00000000,0.00000000,0.00000000,0.00000000,0.00000000
0.09000000,0.00000000,2.96004878,0.00000000,0.00000000,-0.88290000,0.00000000,0,0.00000000,0.00000000,0.00000000,0.00000000,0.00000000,0.00000000
0.10000000,0.00000000,2.95070475,0.00000000,0.00000000,-0.98100000,0.00000000,0,0.00000000,0.00000000,0.00000000,0.00000000,0.00000000,0.00000000
0.11000000,0.00000000,2.94037972,0.00000000,0.00000000,-1.07910000,0.00000000,0,0.00000000,0.00000000,0.00000000,0.00000000,0.00000000,0.00000000
0.12000000,0.00000000,2.92907370,0.00000000,0.00000000,-1.17720000,0.00000000,0,0.00000000,0.00000000,0.00000000,0.00000000,0.00000000,0.00000000
0.13000000,0.00000000,2.91678667,0.00000000,0.00000000,-1.27530000,0.00000000,0,0.00000000,0.00000000,0.00000000,0.00000000,0.00000000,0.00000000
0.14000000,0.00000000,2.90351865,0.00000000,0.00000000,-1.37340000,0.00000000,0,0.00000000,0.00000000,0.00000000,0.00000000,0.00000000,0.00000000
0.15000000,0.00000000,2.88926962,0.00000000,0.00000000,-1.47150000,0.00000000,0,0.00000000,0.00000000,0.00000000,0.00000000,0.00000000,0.00000000
0.16000000,0.00000000,2.87403960,0.00000000,0.00000000,-1.56960000,0.00000000,0,0.00000000,0.00000000,0.00000000,0.00000000,0.00000000,0.00000000
0.17000000,0.00000000,2.85782858,0.00000000,0.00000000,-1.66770000,0.00000000,0,0.00000000,0.00000000,0.00000000,0.00000000,0.00000000,0.00000000
0.18000000,0.00000000,2.84063655,0.00000000,0.00000000,-1.76580000,0.00000000,0,0.00000000,0.00000000,0.00000000,0.00000000,0.00000000,0.00000000
0.19000000,0.00000000,2.82246352,0.00000000,0.00000000,-1.86390000,0.00000000,0,0.00000000,0.00000000,0.00000000,0.00000000,0.00000000,0.00000000
0.20000000,0.00000000,2.80330950,0.00000000,0.00000000,-1.96200000,0.00000000,0,0.00000000,0.00000000,0.00000000,0.00000000,0.00000000,0.00000000
0.21000000,0.00000000,2.78317448,0.00000000,0.00000000,-2.06010000,0.00000000,0,0.00000000,0.00000000,0.00000000,0.00000000,0.00000000,0.00000000
0.22000000,0.00000000,2.76205845,0.00000000,0.00000000,-2.15820000,0.00000000,0,0.00000000,0.00000000,0.00000000,0.00000000,0.00000000,0.00000000
0.23000000,0.00000000,2.73996142,0.00000000,0.00000000,-2.25630000,0.00000000,0,0.00000000,0.00000000,0.00000000,0.00000000,0.00000000,0.00000000
0.24000000,0.00000000,2.71688340,0.00000000,0.00000000,-2.35440000,0.00000000,0,0.00000000,0.00000000,0.00000000,0.00000000,0.00000000,0.00000000
0.25000000,0.00000000,2.69282437,0.00000000,0.00000000,-2.45250000,0.00000000,0,0.00000000,0.00000000,0.00000000,0.00000000,0.00000000,0.00000000
0.26000000,0.00000000,2.66778435,0.00000000,0.00000000,-2.55060000,0.00000000,0,0.00000000,0.00000000,0.00000000,0.00000000,0.00000000,0.00000000
0.27000000,0.00000000,2.64176332,0.00000000,0.00000000,-2.64870000,0.00000000,0,0.00000000,0.00000000,0.00000000,0.00000000,0.00000000,0.00000000
0.28000000,0.00000000,2.61476130,0.00000000,0.00000000,-2.74680000,0.00000000,0,0.00000000,0.00000000,0.00000000,0.00000000,0.00000000,0.00000000
0.29000000,0.00000000,2.58677828,0.00000000,0.00000000,-2.84490000,0.00000000,0,0.00000000,0.00000000,0.00000000,0.00000000,0.00000000,0.00000000
0.30000000,0.00000000,2.55781425,0.00000000,0.00000000,-2.94300000,0.00000000,0,0.00000000,0.00000000,0.00000000,0.00000000,0.00000000,0.00000000
0.31000000,0.00000000,2.52786922,0.00000000,0.00000000,-3.04110000,0.00000000,0,0.00000000,0.00000000,0.00000000,0.00000000,0.00000000,0.00000000
0.32000000,0.00000000,2.49694320,0.00000000,0.00000000,-3.13920000,0.00000000,0,0.00000000,0.00000000,0.00000000,0.00000000,0.00000000,0.00000000
0.33000000,0.00000000,2.46503618,0.00000000,0.00000000,-3.23730000,0.00000000,0,0.00000000,0.00000000,0.00000000,0.00000000,0.00000000,0.00000000
0.34000000,0.00000000,2.43214815,0.00000000,0.00000000,-3.33540000,0.00000000,0,0.00000000,0.00000000,0.00000000,0.00000000,0.00000000,0.00000000
0.35000000,0.00000000,2.39827913,0.00000000,0.00000000,-3.43350000,0.00000000,0,0.00000000,0.00000000,0.00000000,0.00000000,0.00000000,0.00000000
0.36000000,0.00000000,2.36342910,0.00000000,0.00000000,-3.53160000,0.00000000,0,0.00000000,0.00000000,0.00000000,0.00000000,0.00000000,0.00000000
0.37000000,0.00000000,2.32759808,0.00000000,0.00000000,-3.62970000,0.00000000,0,0.00000000,0.00000000,0.00000000,0.00000000,0.00000000,0.00000000
0.38000000,0.00000000,2.29078605,0.00000000,0.00000000,-3.72780000,0.00000000,0,0.00000000,0.00000000,0.00000000,0.00000000,0.00000000,0.00000000
0.39000000,0.00000000,2.25299303,0.00000000,0.00000000,-3.82590000,0.00000000,0,0.00000000,0.00000000,0.00000000,0.00000000,0.00000000,0.00000000
0.40000000,0.00000000,2.21421900,0.00000000,0.00000000,-3.92400000,0.00000000,0,0.00000000,0.00000000,0.00000000,0.00000000,0.00000000,0.00000000
0.41000000,0.00000000,2.17446398,0.00000000,0.00000000,-4.02210000,0.00000000,0,0.00000000,0.00000000,0.00000000,0.00000000,0.00000000,0.00000000
0.42000000,0.00000000,2.13372795,0.00000000,0.00000000,-4.12020000,0.00000000,0,0.00000000,0.00000000,0.00000000,0.00000000,0.00000000,0.00000000
0.43000000,0.00000000,2.09201093,0.00000000,0.00000000,-4.21830000,0.00000000,0,0.00000000,0.00000000,0.00000000,0.00000000,0.00000000,0.00000000
0.44000000,0.00000000,2.04931290,0.00000000,0.00000000,-4.31640000,0.00000000,0,0.00000000,0.00000000,0.00000000,0.00000000,0.00000000,0.00000000
0.45000000,0.00000000,2.00563388,0.00000000,0.00000000,-4.41450000,0.00000000,0,0.00000000,0.00000000,0.00000000,0.00000000,0.00000000,0.00000000
0.46000000,0.00000000,1.96097385,0.00000000,0.00000000,-4.51260000,0.00000000,0,0.00000000,0.00000000,0.00000000,0.00000000,0.00000000,0.00000000
0.47000000,0.00000000,1.91533283,0.00000000,0.00000000,-4.61070000,0.00000000,0,0.00000000,0.00000000,0.00000000,0.00000000,0.00000000,0.00000000
0.48000000,0.00000000,1.86871080,0.00000000,0.00000000,-4.70880000,0.00000000,0,0.00000000,0.00000000,0.00000000,0.00000000,0.00000000,0.00000000
0.49000000,0.00000000,1.82110778,0.00000000,0.00000000,-4.80690000,0.00000000,0,0.00000000,0.00000000,0.00000000,0.00000000,0.00000000,0.00000000
0.50000000,0.00000000,1.77252375,0.00000000,0.00000000,-4.90500000,0.00000000,0,0.00000000,0.00000000,0.00000000,0.00000000,0.00000000,0.00000000
0.51000000,0.00000000,1.72295873,0.00000000,0.00000000,-5.00310000,0.00000000,0,0.00000000,0.00000000,0.00000000,0.00000000,0.00000000,0.00000000
0.52000000,0.00000000,1.67241270,0.00000000,0.00000000,-5.10120000,0.00000000,0,0.00000000,0.00000000,0.00000000,0.00000000,0.00000000,0.00000000
0.53000000,0.00000000,1.62088568,0.00000000,0.00000000,-5.19930000,0.00000000,0,0.00000000,0.00000000,0.00000000,0.00000000,0.00000000,0.00000000
0.54000000,0.00000000,1.56837765,0.00000000,0.00000000,-5.29740000,0.00000000,0,0.00000000,0.00000000,0.00000000,0.00000000,0.00000000,0.00000000
0.55000000,0.00000000,1.51488863,0.00000000,0.00000000,-5.39550000,0.00000000,0,0.00000000,0.00000000,0.00000000,0.00000000,0.00000000,0.00000000
0.56000000,0.00000000,1.46041860,0.00000000,0.00000000,-5.49360000,0.00000000,0,0.00000000,0.00000000,0.00000000,0.00000000,0.00000000,0.00000000
0.57000000,0.00000000,1.40496758,0.00000000,0.00000000,-5.59170000,0.00000000,0,0.00000000,0.00000000,0.00000000,0.00000000,0.00000000,0.00000000
0.58000000,0.00000000,1.34853555,0.00000000,0.00000000,-5.68980000,0.00000000,0,0.00000000,0.00000000,0.00000000,0.00000000,0.00000000,0.00000000
0.59000000,0.00000000,1.29112253,0.00000000,0.00000000,-5.78790000,0.00000000,0,0.00000000,0.00000000,0.00000000,0.00000000,0.00000000,0.00000000
0.60000000,0.00000000,1.23272850,0.00000000,0.00000000,-5.88600000,0.00000000,0,0.00000000,0.00000000,0.00000000,0.00000000,0.00000000,0.00000000
0.61000000,0.00000000,1.17335348,0.00000000,0.00000000,-5.98410000,0.00000000,0,0.00000000,0.00000000,0.00000000,0.00000000,0.00000000,0.00000000
0.62000000,0.00000000,1.11299745,0.00000000,0.00000000,-6.08220000,0.00000000,0,0.00000000,0.00000000,0.00000000,0.00000000,0.00000000,0.00000000
0.63000000,0.00000000,1.05166043,0.00000000,0.00000000,-6.18030000,0.00000000,0,0.00000000,0.00000000,0.00000000,0.00000000,0.00000000,0.00000000
0.64000000,0.00000000,0.98934240,0.00000000,0.00000000,-6.27840000,0.00000000,0,0.00000000,0.00000000,0.00000000,0.00000000,0.00000000,0.00000000
0.65000000,0.00000000,0.92604338,0.00000000,0.00000000,-6.37650000,0.00000000,0,0.00000000,0.00000000,0.00000000,0.00000000,0.00000000,0.00000000
0.66000000,0.00000000,0.86176335,0.00000000,0.00000000,-6.47460000,0.00000000,0,0.00000000,0.00000000,0.00000000,0.00000000,0.00000000,0.00000000
0.67000000,0.00000000,0.79650232,0.00000000,0.00000000,-6.57270000,0.00000000,0,0.00000000,0.00000000,0.00000000,0.00000000,0.00000000,0.00000000
0.68000000,0.00000000,0.73026030,0.00000000,0.00000000,-6.67080000,0.00000000,0,0.00000000,0.00000000,0.00000000,0.00000000,0.00000000,0.00000000
0.69000000,0.00000000,0.66303727,0.00000000,0.00000000,-6.76890000,0.00000000,0,0.00000000,0.00000000,0.00000000,0.00000000,0.00000000,0.00000000
0.70000000,0.00000000,0.59483325,0.00000000,0.00000000,-6.86700000,0.00000000,0,0.00000000,0.00000000,0.00000000,0.00000000,0.00000000,0.00000000
0.71000000,0.00000000,0.52564822,0.00000000,0.00000000,-6.96510000,0.00000000,0,0.00000000,0.00000000,0.00000000,0.00000000,0.00000000,0.00000000
0.72000000,-0.00000000,0.46122895,-0.00000000,-0.00000009,-5.14698944,-0.00000009,1,-0.00014709,193581.42337527,-0.00014709,-0.00000940,0.00000000,0.00000940
0.73000000,-0.00000001,0.42834977,-0.00000001,-0.00000076,-1.71245469,-0.00000076,1,-0.00099099,162887.44535315,-0.00099099,-0.00006303,0.00000000,0.00006303
0.74000000,-0.00000002,0.42442822,-0.00000002,-0.00000114,0.58043275,-0.00000114,1,-0.10084952,90443.85256768,-0.10084952,-0.00002239,0.00000000,0.00002239
0.75000000,-0.00000003,0.43639884,-0.00000003,-0.00000121,1.57806657,-0.00000121,1,0.01591480,31479.13500475,0.01591480,-0.00003159,0.00000000,0.00003159
0.76000000,-0.00000004,0.45340491,-0.00000004,-0.00000124,1.71630883,-0.00000124,1,0.00000000,0.00000000,0.00000000,-0.00000000,0.00000000,0.00000000
0.77000000,-0.00000005,0.47005298,-0.00000005,-0.00000124,1.61820883,-0.00000124,1,0.00000000,0.00000000,0.00000000,-0.00000000,0.00000000,0.00000000
0.78000000,-0.00000006,0.48572004,-0.00000006,-0.00000124,1.52010883,-0.00000124,1,0.00000000,0.00000000,0.00000000,-0.00000000,0.00000000,0.00000000
0.79000000,-0.00000008,0.50040610,-0.00000008,-0.00000124,1.42200883,-0.00000124,1,0.00000000,0.00000000,0.00000000,-0.00000000,0.00000000,0.00000000
0.80000000,-0.00000009,0.51411117,-0.00000009,-0.00000124,1.32390883,-0.00000124,0,0.00000000,0.00000000,0.00000000,0.00000000,0.00000000,0.00000000
0.81000000,-0.00000010,0.52683523,-0.00000010,-0.00000124,1.22580883,-0.00000124,0,0.00000000,0.00000000,0.00000000,0.00000000,0.00000000,0.00000000
0.82000000,-0.00000011,0.53857829,-0.00000011,-0.00000124,1.12770883,-0.00000124,0,0.00000000,0.00000000,0.00000000,0.00000000,0.00000000,0.00000000
0.83000000,-0.00000013,0.54934036,-0.00000013,-0.00000124,1.02960883,-0.00000124,0,0.00000000,0.00000000,0.00000000,0.00000000,0.00000000,0.00000000
0.84000000,-0.00000014,0.55912142,-0.00000014,-0.00000124,0.93150883,-0.00000124,0,0.00000000,0.00000000,0.00000000,0.00000000,0.00000000,0.00000000
0.85000000,-0.00000015,0.56792148,-0.00000015,-0.00000124,0.83340883,-0.00000124,0,0.00000000,0.00000000,0.00000000,0.00000000,0.00000000,0.00000000
0.86000000,-0.00000016,0.57574055,-0.00000016,-0.00000124,0.73530883,-0.00000124,0,0.00000000,0.00000000,0.00000000,0.00000000,0.00000000,0.00000000
0.87000000,-0.00000018,0.58257861,-0.00000018,-0.00000124,0.63720883,-0.00000124,0,0.00000000,0.00000000,0.00000000,0.00000000,0.00000000,0.00000000
0.88000000,-0.00000019,0.58843567,-0.00000019,-0.00000124,0.53910883,-0.00000124,0,0.00000000,0.00000000,0.00000000,0.00000000,0.00000000,0.00000000
0.89000000,-0.00000020,0.59331174,-0.00000020,-0.00000124,0.44100883,-0.00000124,0,0.00000000,0.00000000,0.00000000,0.00000000,0.00000000,0.00000000
0.90000000,-0.00000021,0.59720680,-0.00000021,-0.00000124,0.34290883,-0.00000124,0,0.00000000,0.00000000,0.00000000,0.00000000,0.00000000,0.00000000
0.91000000,-0.00000022,0.60012086,-0.00000022,-0.00000124,0.24480883,-0.00000124,0,0.00000000,0.00000000,0.00000000,0.00000000,0.00000000,0.00000000
0.92000000,-0.00000024,0.60205393,-0.00000024,-0.00000124,0.14670883,-0.00000124,0,0.00000000,0.00000000,0.00000000,0.00000000,0.00000000,0.00000000
0.93000000,-0.00000025,0.60300599,-0.00000025,-0.00000124,0.04860883,-0.00000124,0,0.00000000,0.00000000,0.00000000,0.00000000,0.00000000,0.00000000
0.94000000,-0.00000026,0.60297705,-0.00000026,-0.00000124,-0.04949117,-0.00000124,0,0.00000000,0.00000000,0.00000000,0.00000000,0.00000000,0.00000000
0.95000000,-0.00000027,0.60196712,-0.00000027,-0.00000124,-0.14759117,-0.00000124,0,0.00000000,0.00000000,0.00000000,0.00000000,0.00000000,0.00000000
0.96000000,-0.00000029,0.59997618,-0.00000029,-0.00000124,-0.24569117,-0.00000124,0,0.00000000,0.00000000,0.00000000,0.00000000,0.00000000,0.00000000
0.97000000,-0.00000030,0.59700424,-0.00000030,-0.00000124,-0.34379117,-0.00000124,0,0.00000000,0.00000000,0.00000000,0.00000000,0.00000000,0.00000000
0.98000000,-0.00000031,0.59305131,-0.00000031,-0.00000124,-0.44189117,-0.00000124,0,0.00000000,0.00000000,0.00000000,0.00000000,0.00000000,0.00000000
0.99000000,-0.00000032,0.58811737,-0.00000032,-0.00000124,-0.53999117,-0.00000124,0,0.00000000,0.00000000,0.00000000,0.00000000,0.00000000,0.00000000
1.00000000,-0.00000034,0.58220243,-0.00000034,-0.00000124,-0.63809117,-0.00000124,0,0.00000000,0.00000000,0.00000000,0.00000000,0.00000000,0.00000000
1.01000000,-0.00000035,0.57530650,-0.00000035,-0.00000124,-0.73619117,-0.00000124,0,0.00000000,0.00000000,0.00000000,0.00000000,0.00000000,0.00000000
1.02000000,-0.00000036,0.56742956,-0.00000036,-0.00000124,-0.83429117,-0.00000124,0,0.00000000,0.00000000,0.00000000,0.00000000,0.00000000,0.00000000
1.03000000,-0.00000037,0.55857162,-0.00000037,-0.00000124,-0.93239117,-0.00000124,0,0.00000000,0.00000000,0.00000000,0.00000000,0.00000000,0.00000000
1.04000000,-0.00000039,0.54873269,-0.00000039,-0.00000124,-1.03049117,-0.00000124,0,0.00000000,0.00000000,0.00000000,0.00000000,0.00000000,0.00000000
1.05000000,-0.00000040,0.53791275,-0.00000040,-0.00000124,-1.12859117,-0.00000124,0,0.00000000,0.00000000,0.00000000,0.00000000,0.00000000,0.00000000
1.06000000,-0.00000041,0.52611181,-0.00000041,-0.00000124,-1.22669117,-0.00000124,0,0.00000000,0.00000000,0.00000000,0.00000000,0.00000000,0.00000000
1.07000000,-0.00000042,0.51332988,-0.00000042,-0.00000124,-1.32479117,-0.00000124,0,0.00000000,0.00000000,0.00000000,0.00000000,0.00000000,0.00000000
1.08000000,-0.00000043,0.49956694,-0.00000043,-0.00000124,-1.42289117,-0.00000124,0,0.00000000,0.00000000,0.00000000,0.00000000,0.00000000,0.00000000
1.09000000,-0.00000045,0.48721141,-0.00000045,-0.00000153,-1.02216578,-0.00000153,1,-0.04325619,30723.17149631,-0.04325619,-0.00004557,0.00000000,0.00004557
1.10000000,-0.00000047,0.47956605,-0.00000047,-0.00000185,-0.53703943,-0.00000185,1,-0.04223748,29175.39791761,-0.04223748,-0.00003837,0.00000000,0.00003837
1.11000000,-0.00000049,0.47639482,-0.00000049,-0.00000193,-0.13774263,-0.00000193,1,0.01101436,22821.11029535,0.01101436,-0.00002124,0.00000000,0.00002124
1.12000000,-0.00000050,0.47652146,-0.00000050,-0.00000176,0.12684618,-0.00000176,1,0.00723474,15601.17667415,0.00723474,-0.00001416,0.00000000,0.00001416
1.13000000,-0.00000052,0.47860349,-0.00000052,-0.00000165,0.26379110,-0.00000165,1,0.00426965,9607.42564869,0.00426965,-0.00000849,0.00000000,0.00000849
1.14000000,-0.00000054,0.48152254,-0.00000054,-0.00000159,0.30513848,-0.00000159,1,0.00234804,5520.50202894,0.00234804,-0.00000474,0.00000000,0.00000474
1.15000000,-0.00000055,0.48451313,-0.00000055,-0.00000156,0.28665300,-0.00000156,1,0.00129788,3190.00161010,0.00129788,-0.00000267,0.00000000,0.00000267
1.16000000,-0.00000057,0.48713707,-0.00000057,-0.00000154,0.23740631,-0.00000154,1,0.00083694,2150.72129303,0.00083694,-0.00000175,0.00000000,0.00000175
1.17000000,-0.00000058,0.48919818,-0.00000058,-0.00000152,0.17719297,-0.00000152,1,0.00071836,1930.06191230,0.00071836,-0.00000153,0.00000000,0.00000153
1.18000000,-0.00000060,0.49065455,-0.00000060,-0.00000151,0.11784834,-0.00000151,1,0.00077257,2170.38799194,0.00077257,-0.00000168,0.00000000,0.00000168
1.19000000,-0.00000061,0.49155162,-0.00000061,-0.00000149,0.06569161,-0.00000149,1,0.00089929,2642.23943127,0.00089929,-0.00000200,0.00000000,0.00000200
1.20000000,-0.00000063,0.49197889,-0.00000063,-0.00000147,0.02367417,-0.00000147,1,0.00104431,3210.51883567,0.00104431,-0.00000238,0.00000000,0.00000238
1.21000000,-0.00000064,0.49204410,-0.00000064,-0.00000145,-0.00723126,-0.00000145,1,0.00117872,3794.30933295,0.00117872,-0.00000275,0.00000000,0.00000275
1.22000000,-0.00000066,0.49185774,-0.00000066,-0.00000143,-0.02731213,-0.00000143,1,0.00128591,4338.23735165,0.00128591,-0.00000308,0.00000000,0.00000308
1.23000000,-0.00000067,0.49152245,-0.00000067,-0.00000140,-0.03775900,-0.00000140,1,0.00135641,4801.61366376,0.00135641,-0.00000334,0.00000000,0.00000334
1.24000000,-0.00000068,0.49112540,-0.00000068,-0.00000138,-0.04039390,-0.00000138,1,0.00138687,5158.62362243,0.00138687,-0.00000352,0.00000000,0.00000352
1.25000000,-0.00000070,0.49073355,-0.00000070,-0.00000135,-0.03737062,-0.00000135,1,0.00137931,5399.76705991,0.00137931,-0.00000362,0.00000000,0.00000362
1.26000000,-0.00000071,0.49039198,-0.00000071,-0.00000132,-0.03086154,-0.00000132,1,0.00133997,5531.32583328,0.00133997,-0.00000364,0.00000000,0.00000364
1.27000000,-0.00000072,0.49012513,-0.00000072,-0.00000130,-0.02279087,-0.00000130,1,0.00127738,5571.57194481,0.00127738,-0.00000360,0.00000000,0.00000360
1.28000000,-0.00000074,0.48994034,-0.00000074,-0.00000128,-0.01466361,-0.00000128,1,0.00120036,5544.92671674,0.00120036,-0.00000353,0.00000000,0.00000353
1.29000000,-0.00000075,0.48983242,-0.00000075,-0.00000125,-0.00749881,-0.00000125,1,0.00111662,5476.91593256,0.00111662,-0.00000343,0.00000000,0.00000343
1.30000000,-0.00000076,0.48978845,-0.00000076,-0.00000123,-0.00185378,-0.00000123,1,0.00103197,5390.06509874,0.00103197,-0.00000332,0.00000000,0.00000332
1.31000000,-0.00000078,0.48979205,-0.00000078,-0.00000121,0.00209430,-0.00000121,1,0.00095015,5301.67798355,0.00095015,-0.00000322,0.00000000,0.00000322
1.32000000,-0.00000079,0.48982655,-0.00000079,-0.00000120,0.00444086,-0.00000120,1,0.00087306,5223.33347812,0.00087306,-0.00000313,0.00000000,0.00000313
1.33000000,-0.00000080,0.48987722,-0.00000080,-0.00000118,0.00544713,-0.00000118,1,0.00080122,5161.17539443,0.00080122,-0.00000305,0.00000000,0.00000305
1.34000000,-0.00000081,0.48993239,-0.00000081,-0.00000117,0.00544948,-0.00000117,1,0.00073427,5117.30850728,0.00073427,-0.00000298,0.00000000,0.00000298
1.35000000,-0.00000082,0.48998384,-0.00000082,-0.00000115,0.00479105,-0.00000115,1,0.00067136,5090.76931421,0.00067136,-0.00000293,0.00000000,0.00000293
1.36000000,-0.00000083,0.49002661,-0.00000083,-0.00000114,0.00377660,-0.00000114,1,0.00061150,5078.80435211,0.00061150,-0.00000290,0.00000000,0.00000290
1.37000000,-0.00000085,0.49005848,-0.00000085,-0.00000113,0.00265021,-0.00000113,1,0.00055373,5077.88080034,0.00055373,-0.00000287,0.00000000,0.00000287
1.38000000,-0.00000086,0.49007928,-0.00000086,-0.00000112,0.00158585,-0.00000112,1,0.00049726,5084.34878342,0.00049726,-0.00000285,0.00000000,0.00000285
1.39000000,-0.00000087,0.49009027,-0.00000087,-0.00000111,0.00069092,-0.00000111,1,0.00044149,5094.90934295,0.00044149,-0.00000283,0.00000000,0.00000283
1.40000000,-0.00000088,0.49009345,-0.00000088,-0.00000110,0.00001582,-0.00000110,1,0.00038604,5106.86366218,0.00038604,-0.00000281,0.00000000,0.00000281
1.41000000,-0.00000089,0.49009107,-0.00000089,-0.00000110,-0.00043250,-0.00000110,1,0.00033067,5118.37157502,0.00033067,-0.00000280,0.00000000,0.00000280
1.42000000,-0.00000090,0.49008531,-0.00000090,-0.00000109,-0.00067666,-0.00000109,1,0.00027528,5128.17843911,0.00027528,-0.00000279,0.00000000,0.00000279
1.43000000,-0.00000091,0.49007801,-0.00000091,-0.00000109,-0.00075635,-0.00000109,1,0.00021985,5135.67110470,0.00021985,-0.00000279,0.00000000,0.00000279
1.44000000,-0.00000092,0.49007057,-0.00000092,-0.00000108,-0.00071752,-0.00000108,1,0.00016440,5140.73564102,0.00016440,-0.00000278,0.00000000,0.00000278
1.45000000,-0.00000093,0.49006394,-0.00000093,-0.00000108,-0.00060508,-0.00000108,1,0.00010894,5143.54144848,0.00010894,-0.00000277,0.00000000,0.00000277
1.46000000,-0.00000094,0.49005865,-0.00000094,-0.00000108,-0.00045772,-0.00000108,1,0.00005351,5144.55739214,0.00005351,-0.00000277,0.00000000,0.00000277
1.47000000,-0.00000095,0.49005488,-0.00000095,-0.00000108,-0.00030488,-0.00000108,1,-0.00000188,5144.26254650,-0.00000188,-0.00000277,0.00000000,0.00000277
1.48000000,-0.00000097,0.49005257,-0.00000097,-0.00000108,-0.00016691,-0.00000108,1,-0.00005727,5143.12600772,-0.00005727,-0.00000277,0.00000000,0.00000277
1.49000000,-0.00000098,0.49005151,-0.00000098,-0.00000108,-0.00005565,-0.00000108,1,-0.00011268,5141.59616417,-0.00011268,-0.00000277,0.00000000,0.00000277
1.50000000,-0.00000099,0.49005140,-0.00000099,-0.00000108,0.00002446,-0.00000108,1,-0.00016816,5139.94681149,-0.00016816,-0.00000278,0.00000000,0.00000278
1.51000000,-0.00000100,0.49005193,-0.00000100,-0.00000109,0.00007465,-0.00000109,1,-0.00022378,5138.45804939,-0.00022378,-0.00000279,0.00000000,0.00000279
1.52000000,-0.00000101,0.49005283,-0.00000101,-0.00000109,0.00009873,-0.00000109,1,-0.00027959,5137.17583496,-0.00027959,-0.00000280,0.00000000,0.00000280
1.53000000,-0.00000102,0.49005385,-0.00000102,-0.00000110,0.00010275,-0.00000110,1,-0.00033568,5136.33325483,-0.00033568,-0.00000282,0.00000000,0.00000282
1.54000000,-0.00000103,0.49005483,-0.00000103,-0.00000110,0.00009295,-0.00000110,1,-0.00039211,5135.73451635,-0.00039211,-0.00000283,0.00000000,0.00000283
1.55000000,-0.00000104,0.49005567,-0.00000104,-0.00000111,0.00007524,-0.00000111,1,-0.00044892,5135.42705236,-0.00044892,-0.00000285,0.00000000,0.00000285
1.56000000,-0.00000105,0.49005632,-0.00000105,-0.00000112,0.00005440,-0.00000112,1,-0.00050620,5135.42413204,-0.00050620,-0.00000288,0.00000000,0.00000288
1.57000000,-0.00000106,0.49005675,-0.00000106,-0.00000113,0.00003401,-0.00000113,1,-0.00056399,5135.48185303,-0.00056399,-0.00000290,0.00000000,0.00000290
1.58000000,-0.00000108,0.49005700,-0.00000108,-0.00000114,0.00001645,-0.00000114,1,-0.00062234,5135.68981042,-0.00062234,-0.00000293,0.00000000,0.00000293
1.59000000,-0.00000109,0.49005709,-0.00000109,-0.00000115,0.00000275,-0.00000115,1,-0.00068131,5135.88368839,-0.00068131,-0.00000296,0.00000000,0.00000296
1.60000000,-0.00000110,0.49005706,-0.00000110,-0.00000117,-0.00000681,-0.00000117,1,-0.00074096,5136.12865287,-0.00074096,-0.00000300,0.00000000,0.00000300
1.61000000,-0.00000111,0.49005696,-0.00000111,-0.00000118,-0.00001194,-0.00000118,1,-0.00080133,5136.29983552,-0.00080133,-0.00000304,0.00000000,0.00000304
1.62000000,-0.00000112,0.49005683,-0.00000112,-0.00000120,-0.00001398,-0.00000120,1,-0.00086249,5136.43880965,-0.00086249,-0.00000308,0.00000000,0.00000308
1.63000000,-0.00000113,0.49005669,-0.00000113,-0.00000122,-0.00001364,-0.00000122,1,-0.00092449,5136.56107431,-0.00092449,-0.00000312,0.00000000,0.00000312
1.64000000,-0.00000115,0.49005657,-0.00000115,-0.00000123,-0.00001174,-0.00000123,1,-0.00098739,5136.61388819,-0.00098739,-0.00000317,0.00000000,0.00000317
1.65000000,-0.00000116,0.49005646,-0.00000116,-0.00000125,-0.00000912,-0.00000125,1,-0.00105126,5136.65067152,-0.00105126,-0.00000322,0.00000000,0.00000322
1.66000000,-0.00000117,0.49005639,-0.00000117,-0.00000127,-0.00000606,-0.00000127,1,-0.00111615,5136.65433466,-0.00111615,-0.00000327,0.00000000,0.00000327
1.67000000,-0.00000118,0.49005634,-0.00000118,-0.00000130,-0.00000370,-0.00000130,1,-0.00118213,5136.62629726,-0.00118213,-0.00000333,0.00000000,0.00000333
1.68000000,-0.00000120,0.49005631,-0.00000120,-0.00000132,-0.00000140,-0.00000132,1,-0.00124927,5136.63476638,-0.00124927,-0.00000339,0.00000000,0.00000339
1.69000000,-0.00000121,0.49005631,-0.00000121,-0.00000134,0.00000063,-0.00000134,1,-0.00131763,5136.59042239,-0.00131763,-0.00000345,0.00000000,0.00000345
1.70000000,-0.00000122,0.49005632,-0.00000122,-0.00000137,0.00000180,-0.00000137,1,-0.00138727,5136.50572572,-0.00138727,-0.00000352,0.00000000,0.00000352
1.71000000,-0.00000124,0.49005634,-0.00000124,-0.00000140,0.00000183,-0.00000140,1,-0.00145829,5136.50513671,-0.00145829,-0.00000359,0.00000000,0.00000359
1.72000000,-0.00000125,0.49005636,-0.00000125,-0.00000143,0.00000154,-0.00000143,1,-0.00153073,5136.47599831,-0.00153073,-0.00000366,0.00000000,0.00000366
1.73000000,-0.00000127,0.49005637,-0.00000127,-0.00000146,0.00000111,-0.00000146,1,-0.00160469,5136.48548921,-0.00160469,-0.00000374,0.00000000,0.00000374
1.74000000,-0.00000128,0.49005638,-0.00000128,-0.00000149,0.00000086,-0.00000149,1,-0.00168022,5136.50283968,-0.00168022,-0.00000382,0.00000000,0.00000382
1.75000000,-0.00000130,0.49005639,-0.00000130,-0.00000152,0.00000084,-0.00000152,1,-0.00175740,5136.50322926,-0.00175740,-0.00000390,0.00000000,0.00000390
1.76000000,-0.00000131,0.49005640,-0.00000131,-0.00000155,0.00000083,-0.00000155,1,-0.00183630,5136.50348674,-0.00183630,-0.00000399,0.00000000,0.00000399
1.77000000,-0.00000133,0.49005641,-0.00000133,-0.00000159,0.00000082,-0.00000159,1,-0.00191700,5136.50365692,-0.00191700,-0.00000408,0.00000000,0.00000408
1.78000000,-0.00000134,0.49005642,-0.00000134,-0.00000163,0.00000070,-0.00000163,1,-0.00199958,5136.49457510,-0.00199958,-0.00000418,0.00000000,0.00000418
1.79000000,-0.00000136,0.49005642,-0.00000136,-0.00000167,0.00000055,-0.00000167,1,-0.00208412,5136.49776702,-0.00208412,-0.00000428,0.00000000,0.00000428
1.80000000,-0.00000138,0.49005643,-0.00000138,-0.00000171,0.00000045,-0.00000171,1,-0.00217071,5136.49987663,-0.00217071,-0.00000438,0.00000000,0.00000438
1.81000000,-0.00000139,0.49005643,-0.00000139,-0.00000175,0.00000039,-0.00000175,1,-0.00225943,5136.50127091,-0.00225943,-0.00000449,0.00000000,0.00000449
1.82000000,-0.00000141,0.49005643,-0.00000141,-0.00000179,0.00000035,-0.00000179,1,-0.00235036,5136.50219242,-0.00235036,-0.00000461,0.00000000,0.00000461
1.83000000,-0.00000143,0.49005644,-0.00000143,-0.00000184,0.00000032,-0.00000184,1,-0.00244360,5136.50280147,-0.00244360,-0.00000472,0.00000000,0.00000472
1.84000000,-0.00000145,0.49005644,-0.00000145,-0.00000180,0.00000025,-0.00000180,1,0.00236079,5136.44547364,0.00236079,-0.00000462,0.00000000,0.00000462
1.85000000,-0.00000147,0.49005644,-0.00000147,-0.00000175,-0.00000020,-0.00000175,1,0.00226954,5136.51423235,0.00226954,-0.00000451,0.00000000,0.00000451
1.86000000,-0.00000148,0.49005644,-0.00000148,-0.00000171,-0.00000004,-0.00000171,1,0.00218049,5136.51075892,0.00218049,-0.00000440,0.00000000,0.00000440
1.87000000,-0.00000150,0.49005644,-0.00000150,-0.00000167,0.00000006,-0.00000167,1,0.00209358,5136.50846326,0.00209358,-0.00000429,0.00000000,0.00000429
1.88000000,-0.00000152,0.49005644,-0.00000152,-0.00000163,0.00000013,-0.00000163,1,0.00200872,5136.50694600,0.00200872,-0.00000419,0.00000000,0.00000419
1.89000000,-0.00000153,0.49005644,-0.00000153,-0.00000159,-0.00000004,-0.00000159,1,0.00192581,5136.45168977,0.00192581,-0.00000409,0.00000000,0.00000409
1.90000000,-0.00000155,0.49005644,-0.00000155,-0.00000156,-0.00000005,-0.00000156,1,0.00184483,5136.51087320,0.00184483,-0.00000400,0.00000000,0.00000400
1.91000000,-0.00000156,0.49005644,-0.00000156,-0.00000152,0.00000006,-0.00000152,1,0.00176564,5136.50853879,0.00176564,-0.00000391,0.00000000,0.00000391
1.92000000,-0.00000158,0.49005644,-0.00000158,-0.00000149,0.00000007,-0.00000149,1,0.00168816,5136.44926549,0.00168816,-0.00000383,0.00000000,0.00000383
1.93000000,-0.00000159,0.49005644,-0.00000159,-0.00000146,-0.00000001,-0.00000146,1,0.00161238,5136.51013815,0.00161238,-0.00000375,0.00000000,0.00000375
1.94000000,-0.00000161,0.49005644,-0.00000161,-0.00000143,0.00000008,-0.00000143,1,0.00153816,5136.50805298,0.00153816,-0.00000367,0.00000000,0.00000367
1.95000000,-0.00000162,0.49005644,-0.00000162,-0.00000140,-0.00000002,-0.00000140,1,0.00146545,5136.51032896,0.00146545,-0.00000360,0.00000000,0.00000360
1.96000000,-0.00000164,0.49005644,-0.00000164,-0.00000137,0.00000007,-0.00000137,1,0.00139418,5136.50817909,0.00139418,-0.00000353,0.00000000,0.00000353
1.97000000,-0.00000165,0.49005644,-0.00000165,-0.00000135,0.00000002,-0.00000135,1,0.00132427,5136.50936020,0.00132427,-0.00000346,0.00000000,0.00000346
1.98000000,-0.00000166,0.49005644,-0.00000166,-0.00000132,0.00000002,-0.00000132,1,0.00125566,5136.50948254,0.00125566,-0.00000340,0.00000000,0.00000340
1.99000000,-0.00000168,0.49005644,-0.00000168,-0.00000130,0.00000001,-0.00000130,1,0.00118829,5136.50950750,0.00118829,-0.00000334,0.00000000,0.00000334
2.00000000,-0.00000169,0.49005644,-0.00000169,-0.00000128,0.00000002,-0.00000128,1,0.00112208,5136.50946283,0.00112208,-0.00000328,0.00000000,0.00000328
